Banco AgrûÙcola, S.A.:ô LûÙder en reputaciû°n y activosô Bancoagrû
Banco CuscatlûÀnô de El Salvador, S.A
Banco Daviviendaô SalvadoreûÝo, S.A
BAC Credomaticô (Banco de Amûˋrica Central, S.A.
Banco Promerica, S.A.:
Banco Azulô de El Salvador, S.A.
Banco Industrialô El Salvador, S.A.
Banco AtlûÀntidaô El Salvador, S.A
Banco ABANK, S.A.:
Citibank, N.A., Sucursal El Salvador:
Banco Hipotecarioô de El Salvador, S.A.:ô Estat
Banco de Fomento Agropecuarioô (BFA):ô Estat
BANDESAL:ô Banco de Desarrollo de El Salvador (estatal)
https://ssf.gob.sv/
